{"_allocate_inputs":4,"_allocate_outputs":4,"cli_parameters":"generate --model /tmp/stm32ai_service/689a38fb-83ac-45ec-8687-ac2baf19d4fe/ssd_mobilenet_v1_025_192_int8.tflite --allocate-inputs --allocate-outputs --compression lossless --optimization balanced --series stm32f4 --name network --workspace /tmp/stm32ai_service/689a38fb-83ac-45ec-8687-ac2baf19d4fe/workspace --output /tmp/stm32ai_service/689a38fb-83ac-45ec-8687-ac2baf19d4fe/output","cli_version":{"major":1,"micro":0,"minor":7},"cli_version_str":"1.7.0","compression":{"factor":null,"layers":{}},"date_time":"Wed Jan 17 07:53:18 2024","error":0,"error_str":[],"exec_cmd":"generate","exec_duration":0,"hash":"968d7b74aef1036b28cc98e2f78f4bb7","inputs":["serving_default_input_10"],"layers":[{"c_id":[2],"extras":{"n_macc":0,"n_params":0,"psize":0,"rom_output":{"c_size":110592,"fmt":{"format":"uint8_t"},"shape":[192,192,3,1]},"rom_size":0},"id":0,"inputs":[],"name":"serving_default_input_10","original":"","type":"Input"},{"c_id":[],"extras":{"n_macc":221184,"n_params":0,"psize":0,"rom_output":{"c_size":110593,"fmt":{"format":"int8_t"},"shape":[192,192,3,1]},"rom_size":0},"id":0,"inputs":["serving_default_input_10"],"name":"conversion_0","original":"QUANTIZE","type":"Conversion"},{"c_id":[3],"extras":{"n_macc":1990664,"n_params":224,"psize":248,"rom_output":{"c_size":73728,"fmt":{"format":"int8_t"},"shape":[96,96,8,1]},"rom_size":248},"id":1,"inputs":["conversion_0"],"name":"conv2d_1","original":"CONV_2D","type":"Conv2D"},{"c_id":[],"extras":{"n_macc":73728,"n_params":0,"psize":0,"rom_size":0},"id":1,"inputs":["conv2d_1"],"name":"nl_1_nl","original":"CONV_2D","type":"Nonlinearity"},{"c_id":[4,5],"extras":{"n_macc":663560,"n_params":80,"psize":104,"rom_output":{"c_size":73728,"fmt":{"format":"int8_t"},"shape":[96,96,8,1]},"rom_size":104},"id":2,"inputs":["nl_1_nl"],"name":"conv2d_2","original":"DEPTHWISE_CONV_2D","type":"Conv2D"},{"c_id":[],"extras":{"n_macc":73728,"n_params":0,"psize":0,"rom_size":0},"id":2,"inputs":["conv2d_2"],"name":"nl_2_nl","original":"DEPTHWISE_CONV_2D","type":"Nonlinearity"},{"c_id":[6],"extras":{"n_macc":1179664,"n_params":144,"psize":192,"rom_output":{"c_size":147456,"fmt":{"format":"int8_t"},"shape":[96,96,16,1]},"rom_size":192},"id":3,"inputs":["nl_2_nl"],"name":"conv2d_3","original":"CONV_2D","type":"Conv2D"},{"c_id":[],"extras":{"n_macc":147456,"n_params":0,"psize":0,"rom_size":0},"id":3,"inputs":["conv2d_3"],"name":"nl_3_nl","original":"CONV_2D","type":"Nonlinearity"},{"c_id":[8],"extras":{"n_macc":0,"n_params":0,"psize":0,"rom_size":208},"id":4,"inputs":["nl_3_nl"],"name":"pad_4","original":"PAD","type":"Pad"},{"c_id":[7],"extras":{"n_macc":331792,"n_params":160,"psize":208,"rom_output":{"c_size":36864,"fmt":{"format":"int8_t"},"shape":[48,48,16,1]},"rom_size":0},"id":5,"inputs":["pad_4"],"name":"conv2d_5","original":"DEPTHWISE_CONV_2D","type":"Conv2D"},{"c_id":[],"extras":{"n_macc":36864,"n_params":0,"psize":0,"rom_size":0},"id":5,"inputs":["conv2d_5"],"name":"nl_5_nl","original":"DEPTHWISE_CONV_2D","type":"Nonlinearity"},{"c_id":[9],"extras":{"n_macc":1179680,"n_params":544,"psize":640,"rom_output":{"c_size":73728,"fmt":{"format":"int8_t"},"shape":[48,48,32,1]},"rom_size":640},"id":6,"inputs":["nl_5_nl"],"name":"conv2d_6","original":"CONV_2D","type":"Conv2D"},{"c_id":[],"extras":{"n_macc":73728,"n_params":0,"psize":0,"rom_size":0},"id":6,"inputs":["conv2d_6"],"name":"nl_6_nl","original":"CONV_2D","type":"Nonlinearity"},{"c_id":[10,11],"extras":{"n_macc":663584,"n_params":320,"psize":416,"rom_output":{"c_size":73728,"fmt":{"format":"int8_t"},"shape":[48,48,32,1]},"rom_size":416},"id":7,"inputs":["nl_6_nl"],"name":"conv2d_7","original":"DEPTHWISE_CONV_2D","type":"Conv2D"},{"c_id":[],"extras":{"n_macc":73728,"n_params":0,"psize":0,"rom_size":0},"id":7,"inputs":["conv2d_7"],"name":"nl_7_nl","original":"DEPTHWISE_CONV_2D","type":"Nonlinearity"},{"c_id":[12],"extras":{"n_macc":2359328,"n_params":1056,"psize":1152,"rom_output":{"c_size":73728,"fmt":{"format":"int8_t"},"shape":[48,48,32,1]},"rom_size":1152},"id":8,"inputs":["nl_7_nl"],"name":"conv2d_8","original":"CONV_2D","type":"Conv2D"},{"c_id":[],"extras":{"n_macc":73728,"n_params":0,"psize":0,"rom_size":0},"id":8,"inputs":["conv2d_8"],"name":"nl_8_nl","original":"CONV_2D","type":"Nonlinearity"},{"c_id":[14],"extras":{"n_macc":0,"n_params":0,"psize":0,"rom_size":416},"id":9,"inputs":["nl_8_nl"],"name":"pad_9","original":"PAD","type":"Pad"},{"c_id":[13],"extras":{"n_macc":165920,"n_params":320,"psize":416,"rom_output":{"c_size":18432,"fmt":{"format":"int8_t"},"shape":[24,24,32,1]},"rom_size":0},"id":10,"inputs":["pad_9"],"name":"conv2d_10","original":"DEPTHWISE_CONV_2D","type":"Conv2D"},{"c_id":[],"extras":{"n_macc":18432,"n_params":0,"psize":0,"rom_size":0},"id":10,"inputs":["conv2d_10"],"name":"nl_10_nl","original":"DEPTHWISE_CONV_2D","type":"Nonlinearity"},{"c_id":[15],"extras":{"n_macc":1179712,"n_params":2112,"psize":2304,"rom_output":{"c_size":36864,"fmt":{"format":"int8_t"},"shape":[24,24,64,1]},"rom_size":2304},"id":11,"inputs":["nl_10_nl"],"name":"conv2d_11","original":"CONV_2D","type":"Conv2D"},{"c_id":[],"extras":{"n_macc":36864,"n_params":0,"psize":0,"rom_size":0},"id":11,"inputs":["conv2d_11"],"name":"nl_11_nl","original":"CONV_2D","type":"Nonlinearity"},{"c_id":[16,17],"extras":{"n_macc":331840,"n_params":640,"psize":832,"rom_output":{"c_size":36864,"fmt":{"format":"int8_t"},"shape":[24,24,64,1]},"rom_size":832},"id":12,"inputs":["nl_11_nl"],"name":"conv2d_12","original":"DEPTHWISE_CONV_2D","type":"Conv2D"},{"c_id":[],"extras":{"n_macc":36864,"n_params":0,"psize":0,"rom_size":0},"id":12,"inputs":["conv2d_12"],"name":"nl_12_nl","original":"DEPTHWISE_CONV_2D","type":"Nonlinearity"},{"c_id":[18],"extras":{"n_macc":2359360,"n_params":4160,"psize":4352,"rom_output":{"c_size":36864,"fmt":{"format":"int8_t"},"shape":[24,24,64,1]},"rom_size":4352},"id":13,"inputs":["nl_12_nl"],"name":"conv2d_13","original":"CONV_2D","type":"Conv2D"},{"c_id":[],"extras":{"n_macc":36864,"n_params":0,"psize":0,"rom_size":0},"id":13,"inputs":["conv2d_13"],"name":"nl_13_nl","original":"CONV_2D","type":"Nonlinearity"},{"c_id":[84],"extras":{"n_macc":1179680,"n_params":2080,"psize":2176,"rom_output":{"c_size":18432,"fmt":{"format":"int8_t"},"shape":[24,24,32,1]},"rom_size":2176},"id":14,"inputs":["nl_13_nl"],"name":"conv2d_14","original":"CONV_2D","type":"Conv2D"},{"c_id":[20],"extras":{"n_macc":0,"n_params":0,"psize":0,"rom_size":832},"id":15,"inputs":["nl_13_nl"],"name":"pad_15","original":"PAD","type":"Pad"},{"c_id":[19],"extras":{"n_macc":83008,"n_params":640,"psize":832,"rom_output":{"c_size":9216,"fmt":{"format":"int8_t"},"shape":[12,12,64,1]},"rom_size":0},"id":16,"inputs":["pad_15"],"name":"conv2d_16","original":"DEPTHWISE_CONV_2D","type":"Conv2D"},{"c_id":[],"extras":{"n_macc":9216,"n_params":0,"psize":0,"rom_size":0},"id":16,"inputs":["conv2d_16"],"name":"nl_16_nl","original":"DEPTHWISE_CONV_2D","type":"Nonlinearity"},{"c_id":[21],"extras":{"n_macc":1179776,"n_params":8320,"psize":8704,"rom_output":{"c_size":18432,"fmt":{"format":"int8_t"},"shape":[12,12,128,1]},"rom_size":8704},"id":17,"inputs":["nl_16_nl"],"name":"conv2d_17","original":"CONV_2D","type":"Conv2D"},{"c_id":[],"extras":{"n_macc":18432,"n_params":0,"psize":0,"rom_size":0},"id":17,"inputs":["conv2d_17"],"name":"nl_17_nl","original":"CONV_2D","type":"Nonlinearity"},{"c_id":[22,23],"extras":{"n_macc":166016,"n_params":1280,"psize":1664,"rom_output":{"c_size":18432,"fmt":{"format":"int8_t"},"shape":[12,12,128,1]},"rom_size":1664},"id":18,"inputs":["nl_17_nl"],"name":"conv2d_18","original":"DEPTHWISE_CONV_2D","type":"Conv2D"},{"c_id":[],"extras":{"n_macc":18432,"n_params":0,"psize":0,"rom_size":0},"id":18,"inputs":["conv2d_18"],"name":"nl_18_nl","original":"DEPTHWISE_CONV_2D","type":"Nonlinearity"},{"c_id":[24],"extras":{"n_macc":2359424,"n_params":16512,"psize":16896,"rom_output":{"c_size":18432,"fmt":{"format":"int8_t"},"shape":[12,12,128,1]},"rom_size":16896},"id":19,"inputs":["nl_18_nl"],"name":"conv2d_19","original":"CONV_2D","type":"Conv2D"},{"c_id":[],"extras":{"n_macc":18432,"n_params":0,"psize":0,"rom_size":0},"id":19,"inputs":["conv2d_19"],"name":"nl_19_nl","original":"CONV_2D","type":"Nonlinearity"},{"c_id":[25,26],"extras":{"n_macc":166016,"n_params":1280,"psize":1664,"rom_output":{"c_size":18432,"fmt":{"format":"int8_t"},"shape":[12,12,128,1]},"rom_size":1664},"id":20,"inputs":["nl_19_nl"],"name":"conv2d_20","original":"DEPTHWISE_CONV_2D","type":"Conv2D"},{"c_id":[],"extras":{"n_macc":18432,"n_params":0,"psize":0,"rom_size":0},"id":20,"inputs":["conv2d_20"],"name":"nl_20_nl","original":"DEPTHWISE_CONV_2D","type":"Nonlinearity"},{"c_id":[27],"extras":{"n_macc":2359424,"n_params":16512,"psize":16896,"rom_output":{"c_size":18432,"fmt":{"format":"int8_t"},"shape":[12,12,128,1]},"rom_size":16896},"id":21,"inputs":["nl_20_nl"],"name":"conv2d_21","original":"CONV_2D","type":"Conv2D"},{"c_id":[],"extras":{"n_macc":18432,"n_params":0,"psize":0,"rom_size":0},"id":21,"inputs":["conv2d_21"],"name":"nl_21_nl","original":"CONV_2D","type":"Nonlinearity"},{"c_id":[28,29],"extras":{"n_macc":166016,"n_params":1280,"psize":1664,"rom_output":{"c_size":18432,"fmt":{"format":"int8_t"},"shape":[12,12,128,1]},"rom_size":1664},"id":22,"inputs":["nl_21_nl"],"name":"conv2d_22","original":"DEPTHWISE_CONV_2D","type":"Conv2D"},{"c_id":[],"extras":{"n_macc":18432,"n_params":0,"psize":0,"rom_size":0},"id":22,"inputs":["conv2d_22"],"name":"nl_22_nl","original":"DEPTHWISE_CONV_2D","type":"Nonlinearity"},{"c_id":[30],"extras":{"n_macc":2359424,"n_params":16512,"psize":16896,"rom_output":{"c_size":18432,"fmt":{"format":"int8_t"},"shape":[12,12,128,1]},"rom_size":16896},"id":23,"inputs":["nl_22_nl"],"name":"conv2d_23","original":"CONV_2D","type":"Conv2D"},{"c_id":[],"extras":{"n_macc":18432,"n_params":0,"psize":0,"rom_size":0},"id":23,"inputs":["conv2d_23"],"name":"nl_23_nl","original":"CONV_2D","type":"Nonlinearity"},{"c_id":[31,32],"extras":{"n_macc":166016,"n_params":1280,"psize":1664,"rom_output":{"c_size":18432,"fmt":{"format":"int8_t"},"shape":[12,12,128,1]},"rom_size":1664},"id":24,"inputs":["nl_23_nl"],"name":"conv2d_24","original":"DEPTHWISE_CONV_2D","type":"Conv2D"},{"c_id":[],"extras":{"n_macc":18432,"n_params":0,"psize":0,"rom_size":0},"id":24,"inputs":["conv2d_24"],"name":"nl_24_nl","original":"DEPTHWISE_CONV_2D","type":"Nonlinearity"},{"c_id":[33],"extras":{"n_macc":2359424,"n_params":16512,"psize":16896,"rom_output":{"c_size":18432,"fmt":{"format":"int8_t"},"shape":[12,12,128,1]},"rom_size":16896},"id":25,"inputs":["nl_24_nl"],"name":"conv2d_25","original":"CONV_2D","type":"Conv2D"},{"c_id":[],"extras":{"n_macc":18432,"n_params":0,"psize":0,"rom_size":0},"id":25,"inputs":["conv2d_25"],"name":"nl_25_nl","original":"CONV_2D","type":"Nonlinearity"},{"c_id":[34,35],"extras":{"n_macc":166016,"n_params":1280,"psize":1664,"rom_output":{"c_size":18432,"fmt":{"format":"int8_t"},"shape":[12,12,128,1]},"rom_size":1664},"id":26,"inputs":["nl_25_nl"],"name":"conv2d_26","original":"DEPTHWISE_CONV_2D","type":"Conv2D"},{"c_id":[],"extras":{"n_macc":18432,"n_params":0,"psize":0,"rom_size":0},"id":26,"inputs":["conv2d_26"],"name":"nl_26_nl","original":"DEPTHWISE_CONV_2D","type":"Nonlinearity"},{"c_id":[36],"extras":{"n_macc":2359424,"n_params":16512,"psize":16896,"rom_output":{"c_size":18432,"fmt":{"format":"int8_t"},"shape":[12,12,128,1]},"rom_size":16896},"id":27,"inputs":["nl_26_nl"],"name":"conv2d_27","original":"CONV_2D","type":"Conv2D"},{"c_id":[],"extras":{"n_macc":18432,"n_params":0,"psize":0,"rom_size":0},"id":27,"inputs":["conv2d_27"],"name":"nl_27_nl","original":"CONV_2D","type":"Nonlinearity"},{"c_id":[75],"extras":{"n_macc":589856,"n_params":4128,"psize":4224,"rom_output":{"c_size":4608,"fmt":{"format":"int8_t"},"shape":[12,12,32,1]},"rom_size":4224},"id":28,"inputs":["nl_27_nl"],"name":"conv2d_28","original":"CONV_2D","type":"Conv2D"},{"c_id":[38],"extras":{"n_macc":0,"n_params":0,"psize":0,"rom_size":1664},"id":29,"inputs":["nl_27_nl"],"name":"pad_29","original":"PAD","type":"Pad"},{"c_id":[37],"extras":{"n_macc":41600,"n_params":1280,"psize":1664,"rom_output":{"c_size":4608,"fmt":{"format":"int8_t"},"shape":[6,6,128,1]},"rom_size":0},"id":30,"inputs":["pad_29"],"name":"conv2d_30","original":"DEPTHWISE_CONV_2D","type":"Conv2D"},{"c_id":[],"extras":{"n_macc":4608,"n_params":0,"psize":0,"rom_size":0},"id":30,"inputs":["conv2d_30"],"name":"nl_30_nl","original":"DEPTHWISE_CONV_2D","type":"Nonlinearity"},{"c_id":[39],"extras":{"n_macc":1179904,"n_params":33024,"psize":33792,"rom_output":{"c_size":9216,"fmt":{"format":"int8_t"},"shape":[6,6,256,1]},"rom_size":33792},"id":31,"inputs":["nl_30_nl"],"name":"conv2d_31","original":"CONV_2D","type":"Conv2D"},{"c_id":[],"extras":{"n_macc":9216,"n_params":0,"psize":0,"rom_size":0},"id":31,"inputs":["conv2d_31"],"name":"nl_31_nl","original":"CONV_2D","type":"Nonlinearity"},{"c_id":[40,41],"extras":{"n_macc":83200,"n_params":2560,"psize":3328,"rom_output":{"c_size":9216,"fmt":{"format":"int8_t"},"shape":[6,6,256,1]},"rom_size":3328},"id":32,"inputs":["nl_31_nl"],"name":"conv2d_32","original":"DEPTHWISE_CONV_2D","type":"Conv2D"},{"c_id":[],"extras":{"n_macc":9216,"n_params":0,"psize":0,"rom_size":0},"id":32,"inputs":["conv2d_32"],"name":"nl_32_nl","original":"DEPTHWISE_CONV_2D","type":"Nonlinearity"},{"c_id":[42],"extras":{"n_macc":2359552,"n_params":65792,"psize":66560,"rom_output":{"c_size":9216,"fmt":{"format":"int8_t"},"shape":[6,6,256,1]},"rom_size":66560},"id":33,"inputs":["nl_32_nl"],"name":"conv2d_33","original":"CONV_2D","type":"Conv2D"},{"c_id":[],"extras":{"n_macc":9216,"n_params":0,"psize":0,"rom_size":0},"id":33,"inputs":["conv2d_33"],"name":"nl_33_nl","original":"CONV_2D","type":"Nonlinearity"},{"c_id":[66],"extras":{"n_macc":294944,"n_params":8224,"psize":8320,"rom_output":{"c_size":1152,"fmt":{"format":"int8_t"},"shape":[6,6,32,1]},"rom_size":8320},"id":34,"inputs":["nl_33_nl"],"name":"conv2d_34","original":"CONV_2D","type":"Conv2D"},{"c_id":[43,44],"extras":{"n_macc":20992,"n_params":2560,"psize":3328,"rom_output":{"c_size":2304,"fmt":{"format":"int8_t"},"shape":[3,3,256,1]},"rom_size":3328},"id":35,"inputs":["nl_33_nl"],"name":"conv2d_35","original":"DEPTHWISE_CONV_2D","type":"Conv2D"},{"c_id":[],"extras":{"n_macc":2304,"n_params":0,"psize":0,"rom_size":0},"id":35,"inputs":["conv2d_35"],"name":"nl_35_nl","original":"DEPTHWISE_CONV_2D","type":"Nonlinearity"},{"c_id":[45],"extras":{"n_macc":590080,"n_params":65792,"psize":66560,"rom_output":{"c_size":2304,"fmt":{"format":"int8_t"},"shape":[3,3,256,1]},"rom_size":66560},"id":36,"inputs":["nl_35_nl"],"name":"conv2d_36","original":"CONV_2D","type":"Conv2D"},{"c_id":[],"extras":{"n_macc":2304,"n_params":0,"psize":0,"rom_size":0},"id":36,"inputs":["conv2d_36"],"name":"nl_36_nl","original":"CONV_2D","type":"Nonlinearity"},{"c_id":[46,47],"extras":{"n_macc":20992,"n_params":2560,"psize":3328,"rom_output":{"c_size":2304,"fmt":{"format":"int8_t"},"shape":[3,3,256,1]},"rom_size":3328},"id":37,"inputs":["nl_36_nl"],"name":"conv2d_37","original":"DEPTHWISE_CONV_2D","type":"Conv2D"},{"c_id":[],"extras":{"n_macc":2304,"n_params":0,"psize":0,"rom_size":0},"id":37,"inputs":["conv2d_37"],"name":"nl_37_nl","original":"DEPTHWISE_CONV_2D","type":"Nonlinearity"},{"c_id":[48],"extras":{"n_macc":590080,"n_params":65792,"psize":66560,"rom_output":{"c_size":2304,"fmt":{"format":"int8_t"},"shape":[3,3,256,1]},"rom_size":66560},"id":38,"inputs":["nl_37_nl"],"name":"conv2d_38","original":"CONV_2D","type":"Conv2D"},{"c_id":[],"extras":{"n_macc":2304,"n_params":0,"psize":0,"rom_size":0},"id":38,"inputs":["conv2d_38"],"name":"nl_38_nl","original":"CONV_2D","type":"Nonlinearity"},{"c_id":[57],"extras":{"n_macc":73760,"n_params":8224,"psize":8320,"rom_output":{"c_size":288,"fmt":{"format":"int8_t"},"shape":[3,3,32,1]},"rom_size":8320},"id":39,"inputs":["nl_38_nl"],"name":"conv2d_39","original":"CONV_2D","type":"Conv2D"},{"c_id":[49],"extras":{"n_macc":2304,"n_params":0,"psize":0,"rom_output":{"c_size":256,"fmt":{"format":"int8_t"},"shape":[1,1,256,1]},"rom_size":0},"id":40,"inputs":["nl_38_nl"],"name":"pool_40","original":"MEAN","type":"Pool"},{"c_id":[],"extras":{"n_macc":0,"n_params":0,"psize":0,"rom_size":0},"id":40,"inputs":["pool_40"],"name":"reshape_40_reshape","original":"MEAN","type":"Reshape"},{"c_id":[],"extras":{"n_macc":0,"n_params":0,"psize":0,"rom_size":0},"id":44,"inputs":["reshape_40_reshape"],"name":"reshape_44","original":"RESHAPE","type":"Reshape"},{"c_id":[50],"extras":{"n_macc":8224,"n_params":8224,"psize":8320,"rom_output":{"c_size":32,"fmt":{"format":"int8_t"},"shape":[1,1,32,1]},"rom_size":8320},"id":45,"inputs":["reshape_44"],"name":"conv2d_45","original":"CONV_2D","type":"Conv2D"},{"c_id":[51,52],"extras":{"n_macc":2890,"n_params":2890,"psize":2920,"rom_output":{"c_size":10,"fmt":{"format":"int8_t"},"shape":[1,1,10,1]},"rom_size":2920},"id":46,"inputs":["conv2d_45"],"name":"conv2d_46","original":"CONV_2D","type":"Conv2D"},{"c_id":[],"extras":{"n_macc":0,"n_params":0,"psize":0,"rom_size":0},"id":50,"inputs":["conv2d_46"],"name":"reshape_50","original":"RESHAPE","type":"Reshape"},{"c_id":[53,54],"extras":{"n_macc":5780,"n_params":5780,"psize":5840,"rom_output":{"c_size":20,"fmt":{"format":"int8_t"},"shape":[1,1,20,1]},"rom_size":5840},"id":51,"inputs":["conv2d_45"],"name":"conv2d_51","original":"CONV_2D","type":"Conv2D"},{"c_id":[],"extras":{"n_macc":0,"n_params":0,"psize":0,"rom_size":0},"id":55,"inputs":["conv2d_51"],"name":"reshape_55","original":"RESHAPE","type":"Reshape"},{"c_id":[],"extras":{"n_macc":0,"n_params":20,"psize":20,"rom_size":0},"id":63,"inputs":[],"name":"reshape_63_const","original":"RESHAPE","type":"Placeholder"},{"c_id":[55],"extras":{"n_macc":0,"n_params":0,"psize":0,"rom_output":{"c_size":128,"fmt":{"format":"int8_t"},"shape":[2,2,32,1]},"rom_size":0},"id":64,"inputs":["conv2d_45"],"name":"tile_64","original":"RESIZE_BILINEAR","type":"Tile"},{"c_id":[56],"extras":{"n_macc":0,"n_params":0,"psize":0,"rom_output":{"c_size":288,"fmt":{"format":"int8_t"},"shape":[3,3,32,1]},"rom_size":0},"id":65,"inputs":["tile_64"],"name":"pad_65","original":"PAD","type":"Pad"},{"c_id":[58,59],"extras":{"n_macc":288,"n_params":0,"psize":0,"rom_output":{"c_size":288,"fmt":{"format":"int8_t"},"shape":[3,3,32,1]},"rom_size":0},"id":66,"inputs":["conv2d_39","pad_65"],"name":"eltwise_66","original":"ADD","type":"Eltwise"},{"c_id":[62,63],"extras":{"n_macc":51860,"n_params":5780,"psize":5840,"rom_output":{"c_size":180,"fmt":{"format":"int8_t"},"shape":[3,3,20,1]},"rom_size":5840},"id":67,"inputs":["eltwise_66"],"name":"conv2d_67","original":"CONV_2D","type":"Conv2D"},{"c_id":[],"extras":{"n_macc":0,"n_params":0,"psize":0,"rom_size":0},"id":71,"inputs":["conv2d_67"],"name":"reshape_71","original":"RESHAPE","type":"Reshape"},{"c_id":[64,65],"extras":{"n_macc":25930,"n_params":2890,"psize":2920,"rom_output":{"c_size":90,"fmt":{"format":"int8_t"},"shape":[3,3,10,1]},"rom_size":2920},"id":72,"inputs":["eltwise_66"],"name":"conv2d_72","original":"CONV_2D","type":"Conv2D"},{"c_id":[],"extras":{"n_macc":0,"n_params":0,"psize":0,"rom_size":0},"id":76,"inputs":["conv2d_72"],"name":"reshape_76","original":"RESHAPE","type":"Reshape"},{"c_id":[],"extras":{"n_macc":0,"n_params":180,"psize":180,"rom_size":0},"id":84,"inputs":[],"name":"reshape_84_const","original":"RESHAPE","type":"Placeholder"},{"c_id":[60,61],"extras":{"n_macc":4608,"n_params":0,"psize":0,"rom_output":{"c_size":4608,"fmt":{"format":"float"},"shape":[6,6,32,1]},"rom_size":0},"id":85,"inputs":["eltwise_66"],"name":"upsample_85","original":"RESIZE_BILINEAR","type":"Upsample"},{"c_id":[67,68],"extras":{"n_macc":1152,"n_params":0,"psize":0,"rom_output":{"c_size":1152,"fmt":{"format":"int8_t"},"shape":[6,6,32,1]},"rom_size":0},"id":86,"inputs":["conv2d_34","upsample_85"],"name":"eltwise_86","original":"ADD","type":"Eltwise"},{"c_id":[71,72],"extras":{"n_macc":103690,"n_params":2890,"psize":2920,"rom_output":{"c_size":360,"fmt":{"format":"int8_t"},"shape":[6,6,10,1]},"rom_size":2920},"id":87,"inputs":["eltwise_86"],"name":"conv2d_87","original":"CONV_2D","type":"Conv2D"},{"c_id":[],"extras":{"n_macc":0,"n_params":0,"psize":0,"rom_size":0},"id":91,"inputs":["conv2d_87"],"name":"reshape_91","original":"RESHAPE","type":"Reshape"},{"c_id":[73,74],"extras":{"n_macc":207380,"n_params":5780,"psize":5840,"rom_output":{"c_size":720,"fmt":{"format":"int8_t"},"shape":[6,6,20,1]},"rom_size":5840},"id":92,"inputs":["eltwise_86"],"name":"conv2d_92","original":"CONV_2D","type":"Conv2D"},{"c_id":[],"extras":{"n_macc":0,"n_params":0,"psize":0,"rom_size":0},"id":96,"inputs":["conv2d_92"],"name":"reshape_96","original":"RESHAPE","type":"Reshape"},{"c_id":[],"extras":{"n_macc":0,"n_params":720,"psize":720,"rom_size":0},"id":104,"inputs":[],"name":"reshape_104_const","original":"RESHAPE","type":"Placeholder"},{"c_id":[69,70],"extras":{"n_macc":18432,"n_params":0,"psize":0,"rom_output":{"c_size":18432,"fmt":{"format":"float"},"shape":[12,12,32,1]},"rom_size":0},"id":105,"inputs":["eltwise_86"],"name":"upsample_105","original":"RESIZE_BILINEAR","type":"Upsample"},{"c_id":[76,77],"extras":{"n_macc":4608,"n_params":0,"psize":0,"rom_output":{"c_size":4608,"fmt":{"format":"int8_t"},"shape":[12,12,32,1]},"rom_size":0},"id":106,"inputs":["conv2d_28","upsample_105"],"name":"eltwise_106","original":"ADD","type":"Eltwise"},{"c_id":[80,81],"extras":{"n_macc":414730,"n_params":2890,"psize":2920,"rom_output":{"c_size":1440,"fmt":{"format":"int8_t"},"shape":[12,12,10,1]},"rom_size":2920},"id":107,"inputs":["eltwise_106"],"name":"conv2d_107","original":"CONV_2D","type":"Conv2D"},{"c_id":[],"extras":{"n_macc":0,"n_params":0,"psize":0,"rom_size":0},"id":111,"inputs":["conv2d_107"],"name":"reshape_111","original":"RESHAPE","type":"Reshape"},{"c_id":[82,83],"extras":{"n_macc":829460,"n_params":5780,"psize":5840,"rom_output":{"c_size":2880,"fmt":{"format":"int8_t"},"shape":[12,12,20,1]},"rom_size":5840},"id":112,"inputs":["eltwise_106"],"name":"conv2d_112","original":"CONV_2D","type":"Conv2D"},{"c_id":[],"extras":{"n_macc":0,"n_params":0,"psize":0,"rom_size":0},"id":116,"inputs":["conv2d_112"],"name":"reshape_116","original":"RESHAPE","type":"Reshape"},{"c_id":[],"extras":{"n_macc":0,"n_params":2880,"psize":2880,"rom_size":0},"id":124,"inputs":[],"name":"reshape_124_const","original":"RESHAPE","type":"Placeholder"},{"c_id":[78,79],"extras":{"n_macc":73728,"n_params":0,"psize":0,"rom_output":{"c_size":73728,"fmt":{"format":"float"},"shape":[24,24,32,1]},"rom_size":0},"id":125,"inputs":["eltwise_106"],"name":"upsample_125","original":"RESIZE_BILINEAR","type":"Upsample"},{"c_id":[85],"extras":{"n_macc":18432,"n_params":0,"psize":0,"rom_output":{"c_size":18432,"fmt":{"format":"int8_t"},"shape":[24,24,32,1]},"rom_size":0},"id":126,"inputs":["conv2d_14","upsample_125"],"name":"eltwise_126","original":"ADD","type":"Eltwise"},{"c_id":[86,87],"extras":{"n_macc":1658890,"n_params":2890,"psize":2920,"rom_output":{"c_size":5760,"fmt":{"format":"int8_t"},"shape":[24,24,10,1]},"rom_size":2920},"id":127,"inputs":["eltwise_126"],"name":"conv2d_127","original":"CONV_2D","type":"Conv2D"},{"c_id":[],"extras":{"n_macc":0,"n_params":0,"psize":0,"rom_size":0},"id":131,"inputs":["conv2d_127"],"name":"reshape_131","original":"RESHAPE","type":"Reshape"},{"c_id":[88,89],"extras":{"n_macc":0,"n_params":0,"psize":0,"rom_output":{"c_size":7660,"fmt":{"format":"int8_t"},"shape":[3830,1,2,1]},"rom_size":0},"id":132,"inputs":["reshape_131","reshape_111","reshape_91","reshape_76","reshape_50"],"name":"concat_132","original":"CONCATENATION","type":"Concat"},{"c_id":[90],"extras":{"n_macc":114900,"n_params":0,"psize":0,"rom_output":{"c_size":30640,"fmt":{"format":"float"},"shape":[3830,1,2,1]},"rom_size":0},"id":133,"inputs":["concat_132"],"name":"nl_133","original":"SOFTMAX","type":"Nonlinearity"},{"c_id":[],"extras":{"n_macc":15320,"n_params":0,"psize":0,"rom_size":0},"id":134,"inputs":["nl_133"],"name":"conversion_134","original":"DEQUANTIZE","type":"Conversion"},{"c_id":[91,92],"extras":{"n_macc":3317780,"n_params":5780,"psize":5840,"rom_output":{"c_size":11520,"fmt":{"format":"int8_t"},"shape":[24,24,20,1]},"rom_size":5840},"id":135,"inputs":["eltwise_126"],"name":"conv2d_135","original":"CONV_2D","type":"Conv2D"},{"c_id":[],"extras":{"n_macc":0,"n_params":0,"psize":0,"rom_size":0},"id":139,"inputs":["conv2d_135"],"name":"reshape_139","original":"RESHAPE","type":"Reshape"},{"c_id":[93],"extras":{"n_macc":0,"n_params":0,"psize":0,"rom_output":{"c_size":15320,"fmt":{"format":"int8_t"},"shape":[3830,1,4,1]},"rom_size":0},"id":140,"inputs":["reshape_139","reshape_116","reshape_96","reshape_71","reshape_55"],"name":"concat_140","original":"CONCATENATION","type":"Concat"},{"c_id":[94],"extras":{"n_macc":30640,"n_params":0,"psize":0,"rom_output":{"c_size":61280,"fmt":{"format":"float"},"shape":[3830,1,4,1]},"rom_size":0},"id":141,"inputs":["concat_140"],"name":"conversion_141","original":"DEQUANTIZE","type":"Conversion"},{"c_id":[],"extras":{"n_macc":0,"n_params":11520,"psize":11520,"rom_size":0},"id":149,"inputs":[],"name":"reshape_149_const","original":"RESHAPE","type":"Placeholder"},{"c_id":[0],"extras":{"n_macc":0,"n_params":0,"psize":0,"rom_output":{"c_size":15320,"fmt":{"format":"int8_t"},"shape":[3830,1,4,1]},"rom_size":15320},"id":150,"inputs":["reshape_149_const","reshape_124_const","reshape_104_const","reshape_84_const","reshape_63_const"],"name":"concat_150","original":"CONCATENATION","type":"Concat"},{"c_id":[1],"extras":{"n_macc":30640,"n_params":0,"psize":0,"rom_output":{"c_size":61280,"fmt":{"format":"float"},"shape":[3830,1,4,1]},"rom_size":0},"id":151,"inputs":["concat_150"],"name":"conversion_151","original":"DEQUANTIZE","type":"Conversion"}],"model_files":["/tmp/stm32ai_service/689a38fb-83ac-45ec-8687-ac2baf19d4fe/ssd_mobilenet_v1_025_192_int8.tflite"],"model_n_params":436590,"model_name":"ssd_mobilenet_v1_025_192_int8","model_size":448800,"model_type":"tflite","name":"network","outputs":["nl_133","conversion_141","conversion_151"],"ram_io_size":[110592,153200],"ram_size":[223280,223280],"report_version":1.1,"rom_cfact":1,"rom_heap_inspector":2048,"rom_inputs":[{"c_size":110592,"c_type":"uint8_t","name":"serving_default_input_10"}],"rom_n_macc":40543058,"rom_outputs":[{"c_size":30640,"c_type":"float","name":"nl_133"},{"c_size":61280,"c_type":"float","name":"conversion_141"},{"c_size":61280,"c_type":"float","name":"conversion_151"}],"rom_size":448800,"strategy":"heap_overlay","tools_api_version":{"major":1,"micro":0,"minor":7},"tools_version":{"extra":"19409","major":8,"micro":1,"minor":0},"val_error":-1,"val_error_desc":"None (None) #-1","val_metrics":[]}